"Var1","Freq","prop","ypos"
"TV-Y7",95,9.93723849372385,4.96861924686192
"TV-Y",117,12.2384937238494,16.0564853556485
"TV-G",111,11.6108786610879,27.9811715481172
"PG-13",386,40.3765690376569,53.9748953974895
"PG",247,25.836820083682,87.081589958159
